timeStamp,styleid,name,rating,reviewCount,priceNow,priceWas,size,inventory
2016-04-14T11:20:10.018,570172452,GLADIATOR SANDALS,NA,0,107.80,NA,5,6
2016-04-14T11:20:10.018,570172452,GLADIATOR SANDALS,NA,0,107.80,NA,5.5,5
2016-04-14T11:20:10.018,570172452,GLADIATOR SANDALS,NA,0,107.80,NA,6,19
2016-04-14T11:20:10.018,570172452,GLADIATOR SANDALS,NA,0,107.80,NA,6.5,18
2016-04-14T11:20:10.018,570172452,GLADIATOR SANDALS,NA,0,107.80,NA,7,20+
2016-04-14T11:20:10.018,570172452,GLADIATOR SANDALS,NA,0,107.80,NA,7.5,20+
2016-04-14T11:20:10.018,570172452,GLADIATOR SANDALS,NA,0,107.80,NA,8,20+
2016-04-14T11:20:10.018,570172452,GLADIATOR SANDALS,NA,0,107.80,NA,8.5,20+
2016-04-14T11:20:10.018,570172452,GLADIATOR SANDALS,NA,0,107.80,NA,9,20+
2016-04-14T11:20:10.018,570172452,GLADIATOR SANDALS,NA,0,107.80,NA,9.5,20+
2016-04-14T11:20:10.018,570172452,GLADIATOR SANDALS,NA,0,107.80,NA,10,19
2016-04-14T11:20:10.018,570172452,GLADIATOR SANDALS,NA,0,107.80,NA,11,6
2016-04-14T11:20:10.018,570175351,STRAW FEDORA,NA,0,85.80,NA,NA,14
2016-04-14T11:20:10.018,570135036,BIJOUX SILVERTONE WITH CRYSTALS FROM SWAROVSKI PENDANT,4.7,16,33.00,NA,NA,20+
2016-04-14T11:20:10.018,570126815,CRYSTAL DOUBLE PAVE HOOPS,4.5,6,33.00,NA,NA,20+
2016-04-14T11:20:10.018,570134557,CRYSTALS FROM SWAROVSKI STUD EARRINGS,4.5,14,27.50,NA,NA,20+
2016-04-14T11:20:10.018,570166144,OLIVIA LEATHER PUMPS,4.4,15,143.00,NA,5.5,3
2016-04-14T11:20:10.018,570166144,OLIVIA LEATHER PUMPS,4.4,15,143.00,NA,6,14
2016-04-14T11:20:10.018,570166144,OLIVIA LEATHER PUMPS,4.4,15,143.00,NA,7,20+
2016-04-14T11:20:10.018,570166144,OLIVIA LEATHER PUMPS,4.4,15,143.00,NA,7.5,20+
2016-04-14T11:20:10.018,570166144,OLIVIA LEATHER PUMPS,4.4,15,143.00,NA,8,20+
2016-04-14T11:20:10.018,570166144,OLIVIA LEATHER PUMPS,4.4,15,143.00,NA,8.5,20+
2016-04-14T11:20:10.018,570166144,OLIVIA LEATHER PUMPS,4.4,15,143.00,NA,9,11
2016-04-14T11:20:10.018,570166144,OLIVIA LEATHER PUMPS,4.4,15,143.00,NA,9.5,5
2016-04-14T11:20:10.018,570166144,OLIVIA LEATHER PUMPS,4.4,15,143.00,NA,10,4
2016-04-14T11:20:10.018,570166144,OLIVIA LEATHER PUMPS,4.4,15,143.00,NA,11,20+
2016-04-14T11:20:10.018,570168931,SUEDE TWO-PIECE HEELS,4.9,10,137.50,NA,6,13
2016-04-14T11:20:10.018,570168931,SUEDE TWO-PIECE HEELS,4.9,10,137.50,NA,6.5,1
2016-04-14T11:20:10.018,570168931,SUEDE TWO-PIECE HEELS,4.9,10,137.50,NA,7,20+
2016-04-14T11:20:10.018,570168931,SUEDE TWO-PIECE HEELS,4.9,10,137.50,NA,7.5,20+
2016-04-14T11:20:10.018,570168931,SUEDE TWO-PIECE HEELS,4.9,10,137.50,NA,8,20+
2016-04-14T11:20:10.018,570168931,SUEDE TWO-PIECE HEELS,4.9,10,137.50,NA,8.5,20+
2016-04-14T11:20:10.018,570168931,SUEDE TWO-PIECE HEELS,4.9,10,137.50,NA,9,12
2016-04-14T11:20:10.018,570168931,SUEDE TWO-PIECE HEELS,4.9,10,137.50,NA,9.5,4
2016-04-14T11:20:10.018,570168931,SUEDE TWO-PIECE HEELS,4.9,10,137.50,NA,10,1
2016-04-14T11:20:10.018,570175101,LAYERED CHAIN TASSEL NECKLACE,NA,0,60.50,NA,NA,20+
2016-04-14T11:20:10.018,570139900,RIBBON WOVEN TASSEL NECKLACE,4.8,11,66.00,NA,NA,20+
2016-04-14T11:20:10.018,570175235,RED JASPER DROP HOOP EARRINGS,NA,0,33.00,NA,NA,20+
2016-04-14T11:20:10.018,570175131,GEOMETRIC SHELL DROP NECKLACE,NA,0,49.50,NA,NA,20+
2016-04-14T11:20:10.018,570178092,MACRAME SHELL FRIENDSHIP BRACELET,NA,0,49.50,NA,NA,20+
2016-04-14T11:20:10.018,570163484,CUTOUT MULES,4,3,143.00,NA,5,12
2016-04-14T11:20:10.018,570163484,CUTOUT MULES,4,3,143.00,NA,5.5,2
2016-04-14T11:20:10.018,570163484,CUTOUT MULES,4,3,143.00,NA,6,7
2016-04-14T11:20:10.018,570163484,CUTOUT MULES,4,3,143.00,NA,6.5,5
2016-04-14T11:20:10.018,570163484,CUTOUT MULES,4,3,143.00,NA,7,16
2016-04-14T11:20:10.018,570163484,CUTOUT MULES,4,3,143.00,NA,7.5,17
2016-04-14T11:20:10.018,570163484,CUTOUT MULES,4,3,143.00,NA,8.5,2
2016-04-14T11:20:10.018,570163484,CUTOUT MULES,4,3,143.00,NA,9,2
2016-04-14T11:20:10.018,570163484,CUTOUT MULES,4,3,143.00,NA,9.5,2
2016-04-14T11:20:10.018,570163484,CUTOUT MULES,4,3,143.00,NA,10,5
2016-04-14T11:20:10.018,570163484,CUTOUT MULES,4,3,143.00,NA,11,3
2016-04-14T11:20:10.018,570172810,DAGGER DROP EARRINGS,NA,0,27.50,NA,NA,20+
2016-04-14T11:20:10.018,570169816,OBI WRAP GOLDTONE HARDWARE BELT,NA,0,59.40,NA,S,20+
2016-04-14T11:20:10.018,570169816,OBI WRAP GOLDTONE HARDWARE BELT,NA,0,59.40,NA,M,20+
2016-04-14T11:20:10.018,570169816,OBI WRAP GOLDTONE HARDWARE BELT,NA,0,59.40,NA,L,20+
2016-04-14T11:20:10.018,570178098,RED JASPER CUTOUT STRETCH BRACELET,NA,0,55.00,NA,NA,20+
2016-04-14T11:20:10.018,570175123,SHELL CHARM PENDANT NECKLACE,NA,0,49.50,NA,NA,20+
2016-04-14T11:20:10.018,570172965,LEATHER AND PAVE BRACELET,NA,0,44.00,NA,NA,20+
2016-04-14T11:20:10.018,570170053,SUEDE CAGED HEELS,5,1,143.00,NA,5,9
2016-04-14T11:20:10.018,570170053,SUEDE CAGED HEELS,5,1,143.00,NA,5.5,10
2016-04-14T11:20:10.018,570170053,SUEDE CAGED HEELS,5,1,143.00,NA,6,20+
2016-04-14T11:20:10.018,570170053,SUEDE CAGED HEELS,5,1,143.00,NA,6.5,14
2016-04-14T11:20:10.018,570170053,SUEDE CAGED HEELS,5,1,143.00,NA,7,20+
2016-04-14T11:20:10.018,570170053,SUEDE CAGED HEELS,5,1,143.00,NA,7.5,20+
2016-04-14T11:20:10.018,570170053,SUEDE CAGED HEELS,5,1,143.00,NA,8,20+
2016-04-14T11:20:10.018,570170053,SUEDE CAGED HEELS,5,1,143.00,NA,8.5,20+
2016-04-14T11:20:10.018,570170053,SUEDE CAGED HEELS,5,1,143.00,NA,9,20+
2016-04-14T11:20:10.018,570170053,SUEDE CAGED HEELS,5,1,143.00,NA,9.5,20+
2016-04-14T11:20:10.018,570170053,SUEDE CAGED HEELS,5,1,143.00,NA,10,20+
2016-04-14T11:20:10.018,570170053,SUEDE CAGED HEELS,5,1,143.00,NA,11,7
2016-04-14T11:20:10.018,570178090,SHELL WIDE STRETCH BRACELET,NA,0,55.00,NA,NA,20+
2016-04-14T11:20:10.018,570172804,PAVE STICKS STATEMENT NECKLACE,5,1,60.50,NA,NA,20+
2016-04-14T11:20:10.018,570175112,RED JASPER THREADED PENDANT NECKLACE,NA,0,60.50,NA,NA,20+
2016-04-14T11:20:10.018,570171282,GLADIATOR WEDGE SANDALS,NA,0,137.50,NA,5,20+
2016-04-14T11:20:10.018,570171282,GLADIATOR WEDGE SANDALS,NA,0,137.50,NA,5.5,15
2016-04-14T11:20:10.018,570171282,GLADIATOR WEDGE SANDALS,NA,0,137.50,NA,6,20+
2016-04-14T11:20:10.018,570171282,GLADIATOR WEDGE SANDALS,NA,0,137.50,NA,6.5,20+
2016-04-14T11:20:10.018,570171282,GLADIATOR WEDGE SANDALS,NA,0,137.50,NA,7,20+
2016-04-14T11:20:10.018,570171282,GLADIATOR WEDGE SANDALS,NA,0,137.50,NA,7.5,20+
2016-04-14T11:20:10.018,570171282,GLADIATOR WEDGE SANDALS,NA,0,137.50,NA,8,20+
2016-04-14T11:20:10.018,570171282,GLADIATOR WEDGE SANDALS,NA,0,137.50,NA,8.5,20+
2016-04-14T11:20:10.018,570171282,GLADIATOR WEDGE SANDALS,NA,0,137.50,NA,9,20+
2016-04-14T11:20:10.018,570171282,GLADIATOR WEDGE SANDALS,NA,0,137.50,NA,9.5,20+
2016-04-14T11:20:10.018,570171282,GLADIATOR WEDGE SANDALS,NA,0,137.50,NA,10,20+
2016-04-14T11:20:10.018,570171282,GLADIATOR WEDGE SANDALS,NA,0,137.50,NA,11,7
2016-04-14T11:20:10.018,570173029,SHELL STONE MULTI-ROW SHORT NECKLACE,NA,0,66.00,NA,NA,20+
2016-04-14T11:20:10.018,570175224,BEADED FRINGE NECKLACE,NA,0,60.50,NA,NA,20+
2016-04-14T11:20:10.018,570171906,PAVE STICKS STATEMENT NECKLACE,4.3,3,66.00,NA,NA,20+
2016-04-14T11:20:10.018,570171561,ANKLE-STRAP THONG SANDALS,NA,0,107.80,NA,5,4
2016-04-14T11:20:10.018,570171561,ANKLE-STRAP THONG SANDALS,NA,0,107.80,NA,5.5,5
2016-04-14T11:20:10.018,570171561,ANKLE-STRAP THONG SANDALS,NA,0,107.80,NA,6,16
2016-04-14T11:20:10.018,570171561,ANKLE-STRAP THONG SANDALS,NA,0,107.80,NA,6.5,17
2016-04-14T11:20:10.018,570171561,ANKLE-STRAP THONG SANDALS,NA,0,107.80,NA,7,20+
2016-04-14T11:20:10.018,570171561,ANKLE-STRAP THONG SANDALS,NA,0,107.80,NA,7.5,20+
2016-04-14T11:20:10.018,570171561,ANKLE-STRAP THONG SANDALS,NA,0,107.80,NA,8,20+
2016-04-14T11:20:10.018,570171561,ANKLE-STRAP THONG SANDALS,NA,0,107.80,NA,8.5,20+
2016-04-14T11:20:10.018,570171561,ANKLE-STRAP THONG SANDALS,NA,0,107.80,NA,9,20+
2016-04-14T11:20:10.018,570171561,ANKLE-STRAP THONG SANDALS,NA,0,107.80,NA,9.5,20+
2016-04-14T11:20:10.018,570171561,ANKLE-STRAP THONG SANDALS,NA,0,107.80,NA,10,16
2016-04-14T11:20:10.018,570171561,ANKLE-STRAP THONG SANDALS,NA,0,107.80,NA,11,5
2016-04-14T11:20:10.018,570172963,JASPER STUD EARRINGS,NA,0,27.50,NA,NA,20+
2016-04-14T11:20:10.018,570172252,BAR DROP CHANDELIER EARRINGS,NA,0,38.50,NA,NA,20+
2016-04-14T11:20:10.018,570170050,LEATHER GROMMET CHUNKY HEELS,4,2,143.00,NA,5,16
2016-04-14T11:20:10.018,570170050,LEATHER GROMMET CHUNKY HEELS,4,2,143.00,NA,5.5,17
2016-04-14T11:20:10.018,570170050,LEATHER GROMMET CHUNKY HEELS,4,2,143.00,NA,6,20+
2016-04-14T11:20:10.018,570170050,LEATHER GROMMET CHUNKY HEELS,4,2,143.00,NA,6.5,20+
2016-04-14T11:20:10.018,570170050,LEATHER GROMMET CHUNKY HEELS,4,2,143.00,NA,7,20+
2016-04-14T11:20:10.018,570170050,LEATHER GROMMET CHUNKY HEELS,4,2,143.00,NA,7.5,20+
2016-04-14T11:20:10.018,570170050,LEATHER GROMMET CHUNKY HEELS,4,2,143.00,NA,8,20+
2016-04-14T11:20:10.018,570170050,LEATHER GROMMET CHUNKY HEELS,4,2,143.00,NA,8.5,20+
2016-04-14T11:20:10.018,570170050,LEATHER GROMMET CHUNKY HEELS,4,2,143.00,NA,9,20+
2016-04-14T11:20:10.018,570170050,LEATHER GROMMET CHUNKY HEELS,4,2,143.00,NA,9.5,20+
2016-04-14T11:20:10.018,570170050,LEATHER GROMMET CHUNKY HEELS,4,2,143.00,NA,10,20+
2016-04-14T11:20:10.018,570170050,LEATHER GROMMET CHUNKY HEELS,4,2,143.00,NA,11,13
2016-04-14T11:20:10.018,570175246,CURVED STICK DROP EARRINGS,NA,0,33.00,NA,NA,20+
2016-04-14T11:20:10.018,570170601,PRINTED OBLONG SCARF,4.7,3,52.80,NA,NA,20+
2016-04-14T11:20:10.018,570170083,PAINTERLY FLORAL SCARF,4.7,6,52.80,NA,NA,20+
2016-04-14T11:20:10.018,570159977,GLITTER MESH CARDCASE,1,1,11.55,NA,NA,20+
2016-04-14T11:20:10.018,570175116,HERRINGBONE CHAIN TASSEL NECKLACE,NA,0,60.50,NA,NA,20+
2016-04-14T11:20:10.018,570177308,BEADED THREAD WRAP BRACELET SET,NA,0,55.00,NA,NA,20+
2016-04-14T11:20:10.018,570173036,WIDE LEATHER BELT,NA,0,74.80,NA,XXS,20+
2016-04-14T11:20:10.018,570173036,WIDE LEATHER BELT,NA,0,74.80,NA,XS,20+
2016-04-14T11:20:10.018,570173036,WIDE LEATHER BELT,NA,0,74.80,NA,S,20+
2016-04-14T11:20:10.018,570173036,WIDE LEATHER BELT,NA,0,74.80,NA,M,20+
2016-04-14T11:20:10.018,570173036,WIDE LEATHER BELT,NA,0,74.80,NA,XXL,13
2016-04-14T11:20:10.018,570173036,WIDE LEATHER BELT,NA,0,74.80,NA,L,20+
2016-04-14T11:20:10.018,570173036,WIDE LEATHER BELT,NA,0,74.80,NA,XL,20+
2016-04-14T11:20:10.018,570173178,LEATHER BAR NECKLACE,NA,0,44.00,NA,NA,20+
2016-04-14T11:20:10.018,570175144,THREAD WRAPPED RED JASPER CUFF,NA,0,55.00,NA,NA,20+
2016-04-14T11:20:10.018,570166128,OLIVIA LEATHER PUMPS,4.8,8,143.00,NA,5,9
2016-04-14T11:20:10.018,570166128,OLIVIA LEATHER PUMPS,4.8,8,143.00,NA,5.5,10
2016-04-14T11:20:10.018,570166128,OLIVIA LEATHER PUMPS,4.8,8,143.00,NA,6.5,5
2016-04-14T11:20:10.018,570166128,OLIVIA LEATHER PUMPS,4.8,8,143.00,NA,7,7
2016-04-14T11:20:10.018,570166128,OLIVIA LEATHER PUMPS,4.8,8,143.00,NA,7.5,13
2016-04-14T11:20:10.018,570166128,OLIVIA LEATHER PUMPS,4.8,8,143.00,NA,8,20+
2016-04-14T11:20:10.018,570166128,OLIVIA LEATHER PUMPS,4.8,8,143.00,NA,8.5,20+
2016-04-14T11:20:10.018,570166128,OLIVIA LEATHER PUMPS,4.8,8,143.00,NA,9,20+
2016-04-14T11:20:10.018,570166128,OLIVIA LEATHER PUMPS,4.8,8,143.00,NA,9.5,17
2016-04-14T11:20:10.018,570166128,OLIVIA LEATHER PUMPS,4.8,8,143.00,NA,10,15
2016-04-14T11:20:10.018,570166128,OLIVIA LEATHER PUMPS,4.8,8,143.00,NA,11,15
2016-04-14T11:20:10.018,570175179,GEOMETRIC SHELL DROP EARRINGS,NA,0,33.00,NA,NA,20+
2016-04-14T11:20:10.018,570177306,THREAD WRAPPED HOOP EARRINGS,NA,0,38.50,NA,NA,20+
2016-04-14T11:20:10.018,570171523,OBI WRAP BELT,4.8,6,59.40,NA,XS/S,20+
2016-04-14T11:20:10.018,570171523,OBI WRAP BELT,4.8,6,59.40,NA,XL,20+
2016-04-14T11:20:10.018,570171523,OBI WRAP BELT,4.8,6,59.40,NA,M/L,20+
2016-04-14T11:20:10.018,570172123,STRAW TOTE,NA,0,96.80,NA,NA,20+
2016-04-14T11:20:10.018,570165952,LEATHER MULES,4.7,10,143.00,NA,5,13
2016-04-14T11:20:10.018,570165952,LEATHER MULES,4.7,10,143.00,NA,5.5,12
2016-04-14T11:20:10.018,570165952,LEATHER MULES,4.7,10,143.00,NA,6,3
2016-04-14T11:20:10.018,570165952,LEATHER MULES,4.7,10,143.00,NA,6.5,3
2016-04-14T11:20:10.018,570165952,LEATHER MULES,4.7,10,143.00,NA,7,10
2016-04-14T11:20:10.018,570165952,LEATHER MULES,4.7,10,143.00,NA,7.5,20+
2016-04-14T11:20:10.018,570165952,LEATHER MULES,4.7,10,143.00,NA,8,20+
2016-04-14T11:20:10.018,570165952,LEATHER MULES,4.7,10,143.00,NA,8.5,16
2016-04-14T11:20:10.018,570165952,LEATHER MULES,4.7,10,143.00,NA,9,20+
2016-04-14T11:20:10.018,570165952,LEATHER MULES,4.7,10,143.00,NA,9.5,19
2016-04-14T11:20:10.018,570165952,LEATHER MULES,4.7,10,143.00,NA,10,14
2016-04-14T11:20:10.018,570165952,LEATHER MULES,4.7,10,143.00,NA,11,12
2016-04-14T11:20:10.018,570169976,FRINGED OBLONG SCARF,5,1,52.80,NA,NA,20+
2016-04-14T11:20:10.018,570172118,CUTOUT SANDALS,NA,0,107.80,NA,5,6
2016-04-14T11:20:10.018,570172118,CUTOUT SANDALS,NA,0,107.80,NA,5.5,6
2016-04-14T11:20:10.018,570172118,CUTOUT SANDALS,NA,0,107.80,NA,6,20+
2016-04-14T11:20:10.018,570172118,CUTOUT SANDALS,NA,0,107.80,NA,6.5,19
2016-04-14T11:20:10.018,570172118,CUTOUT SANDALS,NA,0,107.80,NA,7,20+
2016-04-14T11:20:10.018,570172118,CUTOUT SANDALS,NA,0,107.80,NA,7.5,20+
2016-04-14T11:20:10.018,570172118,CUTOUT SANDALS,NA,0,107.80,NA,8,20+
2016-04-14T11:20:10.018,570172118,CUTOUT SANDALS,NA,0,107.80,NA,8.5,20+
2016-04-14T11:20:10.018,570172118,CUTOUT SANDALS,NA,0,107.80,NA,9,20+
2016-04-14T11:20:10.018,570172118,CUTOUT SANDALS,NA,0,107.80,NA,9.5,20+
2016-04-14T11:20:10.018,570172118,CUTOUT SANDALS,NA,0,107.80,NA,10,20+
2016-04-14T11:20:10.018,570172118,CUTOUT SANDALS,NA,0,107.80,NA,11,8
2016-04-14T11:20:10.018,570175228,SHELL LOOP DOUBLE-STRAND NECKLACE,NA,0,66.00,NA,NA,20+
2016-04-14T11:20:10.018,570174105,POLYNESIAN PRINT OBLONG SCARF,NA,0,52.80,NA,NA,20+
2016-04-14T11:20:10.018,570171916,DOUBLE HINGE CUFF WITH CRYSTALS FROM SWAROVSKI,NA,0,44.00,NA,NA,20+
2016-04-14T11:20:10.018,570173042,SHELL CHARM SHORT PENDANT NECKLACE,5,1,55.00,NA,NA,20+
2016-04-14T11:20:10.018,570172022,OLIVIA LEATHER PUMPS,3.3,4,143.00,NA,11,7
2016-04-14T11:20:10.018,570130190,JET CONVERTIBLE PENDANT DROP NECKLACE,4.4,28,52.80,NA,NA,20+
2016-04-14T11:20:10.018,570169707,SAFFIANO-TEXTURE SKINNY BELT,5,1,41.80,NA,S,20+
2016-04-14T11:20:10.018,570169707,SAFFIANO-TEXTURE SKINNY BELT,5,1,41.80,NA,XL,20+
2016-04-14T11:20:10.018,570169707,SAFFIANO-TEXTURE SKINNY BELT,5,1,41.80,NA,XXL,13
2016-04-14T11:20:10.018,570169707,SAFFIANO-TEXTURE SKINNY BELT,5,1,41.80,NA,XXS,4
2016-04-14T11:20:10.018,570169707,SAFFIANO-TEXTURE SKINNY BELT,5,1,41.80,NA,XS,20+
2016-04-14T11:20:10.018,570169707,SAFFIANO-TEXTURE SKINNY BELT,5,1,41.80,NA,M,20+
2016-04-14T11:20:10.018,570169707,SAFFIANO-TEXTURE SKINNY BELT,5,1,41.80,NA,L,20+
2016-04-14T11:20:10.018,570166874,JET AND CRYSTAL REVERSIBLE NECKLACE,4.3,3,44.00,NA,NA,20+
2016-04-14T11:20:10.018,570177505,RED JASPER CUTOUT PENDANT NECKLACE,NA,0,60.50,NA,NA,20+
2016-04-14T11:20:10.018,570172802,SHELL ACCENT ARROW PENDANT NECKLACE,NA,0,55.00,NA,NA,20+
2016-04-14T11:20:10.018,570166837,OPEN TEARDROP EARRINGS,4,1,27.50,NA,NA,20+
2016-04-14T11:20:10.018,570178094,SHELL STRETCH BRACELET SET,NA,0,49.50,NA,NA,20+
2016-04-14T11:20:10.018,570170412,LOOP-DETAIL BELT,4,1,52.80,NA,XXS,20+
2016-04-14T11:20:10.018,570170412,LOOP-DETAIL BELT,4,1,52.80,NA,XS,20+
2016-04-14T11:20:10.018,570170412,LOOP-DETAIL BELT,4,1,52.80,NA,S,20+
2016-04-14T11:20:10.018,570170412,LOOP-DETAIL BELT,4,1,52.80,NA,M,20+
2016-04-14T11:20:10.018,570170412,LOOP-DETAIL BELT,4,1,52.80,NA,XXL,17
2016-04-14T11:20:10.018,570170412,LOOP-DETAIL BELT,4,1,52.80,NA,L,20+
2016-04-14T11:20:10.018,570170412,LOOP-DETAIL BELT,4,1,52.80,NA,XL,20+
2016-04-14T11:20:10.018,570172813,SHELL BAR DROP CHAIN EARRINGS,NA,0,38.50,NA,NA,20+
2016-04-14T11:20:10.018,570172317,GLADIATOR SANDALS,NA,0,107.80,NA,5,6
2016-04-14T11:20:10.018,570172317,GLADIATOR SANDALS,NA,0,107.80,NA,5.5,5
2016-04-14T11:20:10.018,570172317,GLADIATOR SANDALS,NA,0,107.80,NA,6,19
2016-04-14T11:20:10.018,570172317,GLADIATOR SANDALS,NA,0,107.80,NA,6.5,19
2016-04-14T11:20:10.018,570172317,GLADIATOR SANDALS,NA,0,107.80,NA,7,20+
2016-04-14T11:20:10.018,570172317,GLADIATOR SANDALS,NA,0,107.80,NA,7.5,20+
2016-04-14T11:20:10.018,570172317,GLADIATOR SANDALS,NA,0,107.80,NA,8,20+
2016-04-14T11:20:10.018,570172317,GLADIATOR SANDALS,NA,0,107.80,NA,8.5,20+
2016-04-14T11:20:10.018,570172317,GLADIATOR SANDALS,NA,0,107.80,NA,9,20+
2016-04-14T11:20:10.018,570172317,GLADIATOR SANDALS,NA,0,107.80,NA,9.5,20+
2016-04-14T11:20:10.018,570172317,GLADIATOR SANDALS,NA,0,107.80,NA,10,19
2016-04-14T11:20:10.018,570172317,GLADIATOR SANDALS,NA,0,107.80,NA,11,7
2016-04-14T11:20:10.018,570173581,FRINGED OBLONG SCARF,NA,0,52.80,NA,NA,20+
2016-04-14T11:20:10.018,570172786,CONVERTIBLE SHELL MULTI-ROW NECKLACE,NA,0,55.00,NA,NA,20+
2016-04-14T11:20:10.018,570178169,ANGULAR SHORT STATEMENT NECKLACE,NA,0,60.50,NA,NA,20+
2016-04-14T11:20:10.018,570175104,ROSE GOLDTONE LAYERED FRIENDSHIP NECKLACE,NA,0,49.50,NA,NA,20+
2016-04-14T11:20:10.018,570108204,JET CRYSTAL PAVE HOOP EARRING,4.3,4,30.80,NA,NA,20+
2016-04-14T11:20:10.018,570177831,BEADED DROP TASSEL NECKLACE,NA,0,60.50,NA,NA,20+
2016-04-14T11:20:10.018,570176073,RED JASPER MULTI-ROW LONG NECKLACE,NA,0,66.00,NA,NA,20+
2016-04-14T11:20:10.018,570175156,JET SHIELD SHORT NECKLACE,NA,0,66.00,NA,NA,20+
2016-04-14T11:20:10.018,570172739,TRIPLE PENDANT TASSEL NECKLACE WITH CRYSTALS FROM SWAROVSKI,NA,0,60.50,NA,NA,20+
2016-04-14T11:20:10.018,570177710,RED JASPER DROP EARRINGS,NA,0,27.50,NA,NA,20+
2016-04-14T11:20:10.018,570175054,SHELL DOGTAG PENDANT NECKLACE,2,1,55.00,NA,NA,20+
2016-04-14T11:20:10.018,570173808,Y-DROP NECKLACE WITH CRYSTALS FROM SWAROVSKI,NA,0,49.50,NA,NA,20+
2016-04-14T11:20:10.018,570175110,MIXED GOLDTONE FRIENDSHIP BRACELET,5,2,49.50,NA,NA,20+
2016-04-14T11:20:10.018,570170414,LEATHER GROMMET CHUNKY HEELS,NA,0,143.00,NA,5,15
2016-04-14T11:20:10.018,570170414,LEATHER GROMMET CHUNKY HEELS,NA,0,143.00,NA,5.5,14
2016-04-14T11:20:10.018,570170414,LEATHER GROMMET CHUNKY HEELS,NA,0,143.00,NA,6,20+
2016-04-14T11:20:10.018,570170414,LEATHER GROMMET CHUNKY HEELS,NA,0,143.00,NA,6.5,20+
2016-04-14T11:20:10.018,570170414,LEATHER GROMMET CHUNKY HEELS,NA,0,143.00,NA,7,20+
2016-04-14T11:20:10.018,570170414,LEATHER GROMMET CHUNKY HEELS,NA,0,143.00,NA,7.5,20+
2016-04-14T11:20:10.018,570170414,LEATHER GROMMET CHUNKY HEELS,NA,0,143.00,NA,8,20+
2016-04-14T11:20:10.018,570170414,LEATHER GROMMET CHUNKY HEELS,NA,0,143.00,NA,8.5,20+
2016-04-14T11:20:10.018,570170414,LEATHER GROMMET CHUNKY HEELS,NA,0,143.00,NA,9,20+
2016-04-14T11:20:10.018,570170414,LEATHER GROMMET CHUNKY HEELS,NA,0,143.00,NA,9.5,20+
2016-04-14T11:20:10.018,570170414,LEATHER GROMMET CHUNKY HEELS,NA,0,143.00,NA,10,20+
2016-04-14T11:20:10.018,570170414,LEATHER GROMMET CHUNKY HEELS,NA,0,143.00,NA,11,14
2016-04-14T11:20:10.018,570173807,Y-DROP NECKLACE WITH CRYSTALS FROM SWAROVSKI,NA,0,49.50,NA,NA,20+
2016-04-14T11:20:10.018,570167754,SUEDE TASSEL CHUNKY HEELS,4.5,4,143.00,NA,5,12
2016-04-14T11:20:10.018,570167754,SUEDE TASSEL CHUNKY HEELS,4.5,4,143.00,NA,5.5,16
2016-04-14T11:20:10.018,570167754,SUEDE TASSEL CHUNKY HEELS,4.5,4,143.00,NA,6,20+
2016-04-14T11:20:10.018,570167754,SUEDE TASSEL CHUNKY HEELS,4.5,4,143.00,NA,6.5,20+
2016-04-14T11:20:10.018,570167754,SUEDE TASSEL CHUNKY HEELS,4.5,4,143.00,NA,7,20+
2016-04-14T11:20:10.018,570167754,SUEDE TASSEL CHUNKY HEELS,4.5,4,143.00,NA,7.5,20+
2016-04-14T11:20:10.018,570167754,SUEDE TASSEL CHUNKY HEELS,4.5,4,143.00,NA,8,20+
2016-04-14T11:20:10.018,570167754,SUEDE TASSEL CHUNKY HEELS,4.5,4,143.00,NA,8.5,20+
2016-04-14T11:20:10.018,570167754,SUEDE TASSEL CHUNKY HEELS,4.5,4,143.00,NA,9,20+
2016-04-14T11:20:10.018,570167754,SUEDE TASSEL CHUNKY HEELS,4.5,4,143.00,NA,9.5,14
2016-04-14T11:20:10.018,570167754,SUEDE TASSEL CHUNKY HEELS,4.5,4,143.00,NA,10,20+
2016-04-14T11:20:10.018,570167754,SUEDE TASSEL CHUNKY HEELS,4.5,4,143.00,NA,11,4
2016-04-14T11:20:10.018,570175327,WIDE-BRIM HAT,NA,0,96.80,NA,NA,15
2016-04-14T11:20:10.018,570175171,SHELL COLLAR NECKLACE,NA,0,66.00,NA,NA,20+
2016-04-14T11:20:10.018,570168347,COLORBLOCK CONVERTIBLE WALLET,3,2,74.80,NA,NA,20+
2016-04-14T11:20:10.018,570171249,SLIDE WEDGE SANDALS,NA,0,137.50,NA,5,6
2016-04-14T11:20:10.018,570171249,SLIDE WEDGE SANDALS,NA,0,137.50,NA,5.5,13
2016-04-14T11:20:10.018,570171249,SLIDE WEDGE SANDALS,NA,0,137.50,NA,6,20+
2016-04-14T11:20:10.018,570171249,SLIDE WEDGE SANDALS,NA,0,137.50,NA,6.5,20+
2016-04-14T11:20:10.018,570171249,SLIDE WEDGE SANDALS,NA,0,137.50,NA,7,20+
2016-04-14T11:20:10.018,570171249,SLIDE WEDGE SANDALS,NA,0,137.50,NA,7.5,20+
2016-04-14T11:20:10.018,570171249,SLIDE WEDGE SANDALS,NA,0,137.50,NA,8,20+
2016-04-14T11:20:10.018,570171249,SLIDE WEDGE SANDALS,NA,0,137.50,NA,8.5,20+
2016-04-14T11:20:10.018,570171249,SLIDE WEDGE SANDALS,NA,0,137.50,NA,9,20+
2016-04-14T11:20:10.018,570171249,SLIDE WEDGE SANDALS,NA,0,137.50,NA,9.5,20+
2016-04-14T11:20:10.018,570171249,SLIDE WEDGE SANDALS,NA,0,137.50,NA,10,20+
2016-04-14T11:20:10.018,570171249,SLIDE WEDGE SANDALS,NA,0,137.50,NA,11,11
2016-04-14T11:20:10.018,570177375,HERRINGBONE CHAIN DROP EARRINGS,NA,0,33.00,NA,NA,20+
2016-04-14T11:20:10.018,570173825,SKINNY STRETCH BELT,NA,0,48.40,NA,XXS,17
2016-04-14T11:20:10.018,570173825,SKINNY STRETCH BELT,NA,0,48.40,NA,XS,20+
2016-04-14T11:20:10.018,570173825,SKINNY STRETCH BELT,NA,0,48.40,NA,XXL,9
2016-04-14T11:20:10.018,570173825,SKINNY STRETCH BELT,NA,0,48.40,NA,S,20+
2016-04-14T11:20:10.018,570173825,SKINNY STRETCH BELT,NA,0,48.40,NA,M,20+
2016-04-14T11:20:10.018,570173825,SKINNY STRETCH BELT,NA,0,48.40,NA,L,20+
2016-04-14T11:20:10.018,570173825,SKINNY STRETCH BELT,NA,0,48.40,NA,XL,19
2016-04-14T11:20:10.018,570169443,LEATHER EXOTIC PRINT SKINNY BELT,5,1,48.40,NA,XXS,20+
2016-04-14T11:20:10.018,570169443,LEATHER EXOTIC PRINT SKINNY BELT,5,1,48.40,NA,XS,20+
2016-04-14T11:20:10.018,570169443,LEATHER EXOTIC PRINT SKINNY BELT,5,1,48.40,NA,S,20+
2016-04-14T11:20:10.018,570169443,LEATHER EXOTIC PRINT SKINNY BELT,5,1,48.40,NA,XL,20+
2016-04-14T11:20:10.018,570169443,LEATHER EXOTIC PRINT SKINNY BELT,5,1,48.40,NA,XXL,11
2016-04-14T11:20:10.018,570169443,LEATHER EXOTIC PRINT SKINNY BELT,5,1,48.40,NA,M,20+
2016-04-14T11:20:10.018,570169443,LEATHER EXOTIC PRINT SKINNY BELT,5,1,48.40,NA,L,20+
2016-04-14T11:20:10.018,570172687,CAGED GLASS PEARL PENDANT NECKLACE,NA,0,49.50,NA,NA,20+
2016-04-14T11:20:10.018,570175154,JET STONE DOUBLE-STRAND CONVERTIBLE NECKLACE,5,1,66.00,NA,NA,20+
2016-04-14T11:20:10.018,570175250,CUTOUT HOOP EARRINGS,NA,0,33.00,NA,NA,20+
2016-04-14T11:20:10.018,570175231,THREAD WRAP COLLAR NECKLACE,NA,0,55.00,NA,NA,20+
2016-04-14T11:20:10.018,570172820,SHELL THREAD WRAP BRACELET STACK,NA,0,55.00,NA,NA,20+
2016-04-14T11:20:10.018,570166839,SODALITE BEADED DROP EARRINGS,4.5,2,33.00,NA,NA,20+
2016-04-14T11:20:10.018,570134752,BIJOUX CONVERTIBLE SQUARE NECKLACE,3.9,14,44.00,NA,NA,20+
2016-04-14T11:20:10.018,570166726,KNOTTED SLIDER NECKLACE,5,1,55.00,NA,NA,20+
2016-04-14T11:20:10.018,570173801,FRESHWATER PEARL BRACELET STACK,NA,0,55.00,NA,NA,20+
2016-04-14T11:20:10.018,570171496,METALLIC LACE-UP SANDALS,NA,0,107.80,NA,5,9
2016-04-14T11:20:10.018,570171496,METALLIC LACE-UP SANDALS,NA,0,107.80,NA,5.5,8
2016-04-14T11:20:10.018,570171496,METALLIC LACE-UP SANDALS,NA,0,107.80,NA,6,20+
2016-04-14T11:20:10.018,570171496,METALLIC LACE-UP SANDALS,NA,0,107.80,NA,6.5,20+
2016-04-14T11:20:10.018,570171496,METALLIC LACE-UP SANDALS,NA,0,107.80,NA,7,20+
2016-04-14T11:20:10.018,570171496,METALLIC LACE-UP SANDALS,NA,0,107.80,NA,7.5,20+
2016-04-14T11:20:10.018,570171496,METALLIC LACE-UP SANDALS,NA,0,107.80,NA,8,20+
2016-04-14T11:20:10.018,570171496,METALLIC LACE-UP SANDALS,NA,0,107.80,NA,8.5,20+
2016-04-14T11:20:10.018,570171496,METALLIC LACE-UP SANDALS,NA,0,107.80,NA,9,20+
2016-04-14T11:20:10.018,570171496,METALLIC LACE-UP SANDALS,NA,0,107.80,NA,9.5,20+
2016-04-14T11:20:10.018,570171496,METALLIC LACE-UP SANDALS,NA,0,107.80,NA,10,20+
2016-04-14T11:20:10.018,570171496,METALLIC LACE-UP SANDALS,NA,0,107.80,NA,11,11
2016-04-14T11:20:10.018,570172881,JET STONE DROP EARRINGS,5,1,27.50,NA,NA,20+
2016-04-14T11:20:10.018,570173622,SKINNY LINK BELT,5,1,52.80,NA,XXS,15
2016-04-14T11:20:10.018,570173622,SKINNY LINK BELT,5,1,52.80,NA,XS,20+
2016-04-14T11:20:10.018,570173622,SKINNY LINK BELT,5,1,52.80,NA,S,20+
2016-04-14T11:20:10.018,570173622,SKINNY LINK BELT,5,1,52.80,NA,M,20+
2016-04-14T11:20:10.018,570173622,SKINNY LINK BELT,5,1,52.80,NA,L,20+
2016-04-14T11:20:10.018,570173622,SKINNY LINK BELT,5,1,52.80,NA,XL,20+
2016-04-14T11:20:10.018,570173622,SKINNY LINK BELT,5,1,52.80,NA,XXL,12
2016-04-14T11:20:10.018,570168001,OLIVIA LEATHER EXOTIC PRINT PUMPS,4.4,21,148.50,NA,5,20+
2016-04-14T11:20:10.018,570168001,OLIVIA LEATHER EXOTIC PRINT PUMPS,4.4,21,148.50,NA,5.5,20+
2016-04-14T11:20:10.018,570168001,OLIVIA LEATHER EXOTIC PRINT PUMPS,4.4,21,148.50,NA,6,20+
2016-04-14T11:20:10.018,570168001,OLIVIA LEATHER EXOTIC PRINT PUMPS,4.4,21,148.50,NA,6.5,20+
2016-04-14T11:20:10.018,570168001,OLIVIA LEATHER EXOTIC PRINT PUMPS,4.4,21,148.50,NA,7,20+
2016-04-14T11:20:10.018,570168001,OLIVIA LEATHER EXOTIC PRINT PUMPS,4.4,21,148.50,NA,7.5,20+
2016-04-14T11:20:10.018,570168001,OLIVIA LEATHER EXOTIC PRINT PUMPS,4.4,21,148.50,NA,8,20+
2016-04-14T11:20:10.018,570168001,OLIVIA LEATHER EXOTIC PRINT PUMPS,4.4,21,148.50,NA,8.5,20+
2016-04-14T11:20:10.018,570168001,OLIVIA LEATHER EXOTIC PRINT PUMPS,4.4,21,148.50,NA,9,20+
2016-04-14T11:20:10.018,570168001,OLIVIA LEATHER EXOTIC PRINT PUMPS,4.4,21,148.50,NA,9.5,20+
2016-04-14T11:20:10.018,570168001,OLIVIA LEATHER EXOTIC PRINT PUMPS,4.4,21,148.50,NA,10,20+
2016-04-14T11:20:10.018,570168001,OLIVIA LEATHER EXOTIC PRINT PUMPS,4.4,21,148.50,NA,11,20+
2016-04-14T11:20:10.018,570172817,SHELL ACCENT OPEN CUFF,NA,0,55.00,NA,NA,20+
2016-04-14T11:20:10.018,570134736,BIJOUX SILVERTONE DROP NECKLACE,4.7,9,49.50,NA,NA,20+
2016-04-14T11:20:10.018,570173024,BRAIDED LEATHER BELT,NA,0,85.80,NA,XXS,18
2016-04-14T11:20:10.018,570173024,BRAIDED LEATHER BELT,NA,0,85.80,NA,S,20+
2016-04-14T11:20:10.018,570173024,BRAIDED LEATHER BELT,NA,0,85.80,NA,XL,20+
2016-04-14T11:20:10.018,570173024,BRAIDED LEATHER BELT,NA,0,85.80,NA,XXL,10
2016-04-14T11:20:10.018,570173024,BRAIDED LEATHER BELT,NA,0,85.80,NA,XS,20+
2016-04-14T11:20:10.018,570173024,BRAIDED LEATHER BELT,NA,0,85.80,NA,M,20+
2016-04-14T11:20:10.018,570173024,BRAIDED LEATHER BELT,NA,0,85.80,NA,L,20+
2016-04-14T11:20:10.018,570134734,BIJOUX GOLD TEARDROP NECKLACE,4.5,10,49.50,NA,NA,20+
2016-04-14T11:20:10.018,570172121,BUCKET BAG,NA,0,140.80,NA,NA,20+
2016-04-14T11:20:10.018,570175128,HERRINGBONE CHAIN TASSEL NECKLACE,NA,0,60.50,NA,NA,20+
2016-04-14T11:20:10.018,570167752,SUEDE LACE-UP HEELS,4.8,5,137.50,NA,5,10
2016-04-14T11:20:10.018,570167752,SUEDE LACE-UP HEELS,4.8,5,137.50,NA,6,20+
2016-04-14T11:20:10.018,570167752,SUEDE LACE-UP HEELS,4.8,5,137.50,NA,6.5,18
2016-04-14T11:20:10.018,570167752,SUEDE LACE-UP HEELS,4.8,5,137.50,NA,7,20+
2016-04-14T11:20:10.018,570167752,SUEDE LACE-UP HEELS,4.8,5,137.50,NA,7.5,20+
2016-04-14T11:20:10.018,570167752,SUEDE LACE-UP HEELS,4.8,5,137.50,NA,8,20+
2016-04-14T11:20:10.018,570167752,SUEDE LACE-UP HEELS,4.8,5,137.50,NA,8.5,20+
2016-04-14T11:20:10.018,570167752,SUEDE LACE-UP HEELS,4.8,5,137.50,NA,9,20+
2016-04-14T11:20:10.018,570167752,SUEDE LACE-UP HEELS,4.8,5,137.50,NA,9.5,20+
2016-04-14T11:20:10.018,570167752,SUEDE LACE-UP HEELS,4.8,5,137.50,NA,10,20+
2016-04-14T11:20:10.018,570167752,SUEDE LACE-UP HEELS,4.8,5,137.50,NA,11,12
2016-04-14T11:20:10.018,570167953,LEATHER DOUBLE-TASSEL NECKLACE,4.5,4,60.50,NA,NA,20+
2016-04-14T11:20:10.018,570166913,JET AND CRYSTAL LONG REVERSIBLE NECKLACE,5,1,44.00,NA,NA,20+
2016-04-14T11:20:10.018,570171522,LEATHER CONVERTIBLE BELT BAG,NA,0,165.00,NA,NA,20+
2016-04-14T11:20:10.018,570169171,SILK SHADOW STRIPE SCARF,4.8,4,74.80,NA,NA,20+
2016-04-14T11:20:10.018,570167023,JET DROP COLLAR NECKLACE,5,1,60.50,NA,NA,20+
2016-04-14T11:20:10.018,570171520,LEATHER CONVERTIBLE BELT BAG,5,1,165.00,NA,NA,20+
2016-04-14T11:20:10.018,570173594,JET TRIPLE BRACELET STACK,NA,0,49.50,NA,NA,20+
2016-04-14T11:20:10.018,570178995,CONVERTIBLE WOODEN BEAD MULTI-ROW NECKLACE,NA,0,55.00,NA,NA,20+
2016-04-14T11:20:10.018,570172107,CUTOUT SANDALS,NA,0,107.80,NA,5,4
2016-04-14T11:20:10.018,570172107,CUTOUT SANDALS,NA,0,107.80,NA,5.5,3
2016-04-14T11:20:10.018,570172107,CUTOUT SANDALS,NA,0,107.80,NA,6,13
2016-04-14T11:20:10.018,570172107,CUTOUT SANDALS,NA,0,107.80,NA,6.5,13
2016-04-14T11:20:10.018,570172107,CUTOUT SANDALS,NA,0,107.80,NA,7,20+
2016-04-14T11:20:10.018,570172107,CUTOUT SANDALS,NA,0,107.80,NA,7.5,20+
2016-04-14T11:20:10.018,570172107,CUTOUT SANDALS,NA,0,107.80,NA,8,20+
2016-04-14T11:20:10.018,570172107,CUTOUT SANDALS,NA,0,107.80,NA,8.5,20+
2016-04-14T11:20:10.018,570172107,CUTOUT SANDALS,NA,0,107.80,NA,9,20+
2016-04-14T11:20:10.018,570172107,CUTOUT SANDALS,NA,0,107.80,NA,9.5,20+
2016-04-14T11:20:10.018,570172107,CUTOUT SANDALS,NA,0,107.80,NA,10,14
2016-04-14T11:20:10.018,570172107,CUTOUT SANDALS,NA,0,107.80,NA,11,4
2016-04-14T11:20:10.018,570176076,RED JASPER BRACELET SET,NA,0,55.00,NA,NA,20+
2016-04-14T11:20:10.018,570173069,PAVE AND LEATHER LONG PENDANT NECKLACE,5,2,60.50,NA,NA,20+
2016-04-14T11:20:10.018,570145236,GOLDEN WIDE STRETCH BRACELET,4.4,9,55.00,NA,NA,20+
2016-04-14T11:20:10.018,570172895,SILK FLORAL SQUARE SCARF,NA,0,85.80,NA,NA,20+
2016-04-14T11:20:10.018,570176041,WOVEN PULLBACK BELT,NA,0,70.40,NA,XXS,7
2016-04-14T11:20:10.018,570176041,WOVEN PULLBACK BELT,NA,0,70.40,NA,XS,18
2016-04-14T11:20:10.018,570176041,WOVEN PULLBACK BELT,NA,0,70.40,NA,S,20+
2016-04-14T11:20:10.018,570176041,WOVEN PULLBACK BELT,NA,0,70.40,NA,M,20+
2016-04-14T11:20:10.018,570176041,WOVEN PULLBACK BELT,NA,0,70.40,NA,L,20+
2016-04-14T11:20:10.018,570176041,WOVEN PULLBACK BELT,NA,0,70.40,NA,XXL,4
2016-04-14T11:20:10.018,570176041,WOVEN PULLBACK BELT,NA,0,70.40,NA,XL,11
2016-04-14T11:20:10.018,570172788,FRINGE SHELL COLLAR NECKLACE,5,1,60.50,NA,NA,20+
2016-04-14T11:20:10.018,570178149,JET BEADED DROP TASSEL NECKLACE,NA,0,60.50,NA,NA,20+
2016-04-14T11:20:10.018,570176037,PAVE SQUARE STUD EARRINGS,NA,0,27.50,NA,NA,20+
2016-04-14T11:20:10.018,570175248,SMOOTH OVAL HOOP EARRINGS,NA,0,33.00,NA,NA,20+
2016-04-14T11:20:10.018,570070047,SQUARE CUBIC ZIRCONIA PAVE STUD,4.5,26,30.80,NA,NA,20+
2016-04-14T11:20:10.018,570170568,SLIDE-BUCKLE BELT,NA,0,52.80,NA,XXL,14
2016-04-14T11:20:10.018,570170568,SLIDE-BUCKLE BELT,NA,0,52.80,NA,XXS,20+
2016-04-14T11:20:10.018,570170568,SLIDE-BUCKLE BELT,NA,0,52.80,NA,XS,20+
2016-04-14T11:20:10.018,570170568,SLIDE-BUCKLE BELT,NA,0,52.80,NA,S,20+
2016-04-14T11:20:10.018,570170568,SLIDE-BUCKLE BELT,NA,0,52.80,NA,M,20+
2016-04-14T11:20:10.018,570170568,SLIDE-BUCKLE BELT,NA,0,52.80,NA,L,20+
2016-04-14T11:20:10.018,570170568,SLIDE-BUCKLE BELT,NA,0,52.80,NA,XL,20+
2016-04-14T11:20:10.018,570173026,HALF MOON DROP COLLAR NECKLACE,NA,0,55.00,NA,NA,20+
2016-04-14T11:20:10.018,570175240,SMOOTH OVAL HOOP EARRINGS,NA,0,33.00,NA,NA,20+
2016-04-14T11:20:10.018,570175244,SHELL OVAL DROP HOOP EARRINGS,NA,0,33.00,NA,NA,20+
2016-04-14T11:20:10.018,570151449,OBI WRAP SILVERTONE HARDWARE BELT,4.4,42,59.40,NA,S,20+
2016-04-14T11:20:10.018,570151449,OBI WRAP SILVERTONE HARDWARE BELT,4.4,42,59.40,NA,M,20+
2016-04-14T11:20:10.018,570151449,OBI WRAP SILVERTONE HARDWARE BELT,4.4,42,59.40,NA,L,20+
2016-04-14T11:20:10.018,570175222,RED JASPER COLLAR NECKLACE,NA,0,60.50,NA,NA,20+
2016-04-14T11:20:10.018,570166943,SILVERTONE MESH STRETCH BRACELET SET,5,1,49.50,NA,NA,20+
2016-04-14T11:20:10.018,570177795,HAMMERED COLLAR FRINGE NECKLACE,NA,0,82.50,NA,NA,20+
2016-04-14T11:20:10.018,570175136,RED JASPER THREADED STUD EARRINGS,NA,0,27.50,NA,NA,20+
2016-04-14T11:20:10.018,570135034,PENDANT NECKLACE WITH CRYSTALS FROM SWAROVSKI,4.8,13,33.00,NA,NA,20+
2016-04-14T11:20:10.018,570167742,ROUND METAL SUNGLASSES,NA,0,41.80,NA,NA,20+
2016-04-14T11:20:10.018,570175290,ANGULAR STUD EARRINGS WITH CRYSTALS FROM SWAROVSKI,NA,0,27.50,NA,NA,20+
2016-04-14T11:20:10.018,570169978,ABSTRACT FLORAL-PRINT SCARF,4,2,52.80,NA,NA,20+
2016-04-14T11:20:10.018,570166928,GOLDTONE MESH STRETCH BRACELET SET,5,1,49.50,NA,NA,20+
2016-04-14T11:20:10.018,570172961,JASPER SHORT PENDANT NECKLACE,NA,0,38.50,NA,NA,20+
2016-04-14T11:20:10.018,570172662,ANGULAR SHORT NECKLACE WITH CRYSTALS FROM SWAROVSKI,NA,0,33.00,NA,NA,20+
2016-04-14T11:20:10.018,570177668,SHELL STACKED STRETCH BRACELET,NA,0,55.00,NA,NA,20+
2016-04-14T11:20:10.018,570177373,CUTOUT SECTION COLLAR NECKLACE,NA,0,49.50,NA,NA,20+
2016-04-14T11:20:10.018,570165516,BEADED TASSEL DROP NECKLACE,5,2,55.00,NA,NA,20+
2016-04-14T11:20:10.018,570172779,JET DOGTAG PENDANT NECKLACE,NA,0,55.00,NA,NA,20+
2016-04-14T11:20:10.018,570168010,LEATHER EXOTIC PRINT Dâ€™ORSAY FLATS,4.2,5,121.00,NA,5,1
2016-04-14T11:20:10.018,570172683,HOWLITE BEADED FRIENSHIP NECKLACE,NA,0,49.50,NA,NA,20+
2016-04-14T11:20:10.018,570166833,BEADED SODALITE DROP NECKLACE,5,1,60.50,NA,NA,20+
2016-04-14T11:20:10.018,570175226,THREAD WRAPPED COLLAR NECKLACE,NA,0,55.00,NA,NA,20+
2016-04-14T11:20:10.018,570134732,CONVERTIBLE PAVE NECKLACE,4.5,18,44.00,NA,NA,20+
2016-04-14T11:20:10.018,570167749,MIRRORED AVIATOR SUNGLASSES,5,1,41.80,NA,NA,20+
2016-04-14T11:20:10.018,570173031,FRESHWATER PEARL TASSEL NECKLACE,5,3,82.50,NA,NA,20+
2016-04-14T11:20:10.018,570171939,LACE-UP CORK WEDGE SANDALS,NA,0,137.50,NA,5,13
2016-04-14T11:20:10.018,570171939,LACE-UP CORK WEDGE SANDALS,NA,0,137.50,NA,5.5,10
2016-04-14T11:20:10.018,570171939,LACE-UP CORK WEDGE SANDALS,NA,0,137.50,NA,6,20+
2016-04-14T11:20:10.018,570171939,LACE-UP CORK WEDGE SANDALS,NA,0,137.50,NA,6.5,20+
2016-04-14T11:20:10.018,570171939,LACE-UP CORK WEDGE SANDALS,NA,0,137.50,NA,7,20+
2016-04-14T11:20:10.018,570171939,LACE-UP CORK WEDGE SANDALS,NA,0,137.50,NA,7.5,20+
2016-04-14T11:20:10.018,570171939,LACE-UP CORK WEDGE SANDALS,NA,0,137.50,NA,8,20+
2016-04-14T11:20:10.018,570171939,LACE-UP CORK WEDGE SANDALS,NA,0,137.50,NA,8.5,20+
2016-04-14T11:20:10.018,570171939,LACE-UP CORK WEDGE SANDALS,NA,0,137.50,NA,9,20+
2016-04-14T11:20:10.018,570171939,LACE-UP CORK WEDGE SANDALS,NA,0,137.50,NA,9.5,19
2016-04-14T11:20:10.018,570171939,LACE-UP CORK WEDGE SANDALS,NA,0,137.50,NA,10,20+
2016-04-14T11:20:10.018,570171939,LACE-UP CORK WEDGE SANDALS,NA,0,137.50,NA,11,4
2016-04-14T11:20:10.018,570175150,TRIANGLE DROP STUD EARRINGS,NA,0,33.00,NA,NA,20+
2016-04-14T11:20:10.018,570051339,CUBIC ZIRCONIA DROP EARRINGS,4.7,41,26.40,NA,NA,20+
2016-04-14T11:20:10.018,570166841,SODALITE ASYMMETRIC OPEN CUFF,3,1,55.00,NA,NA,20+
2016-04-14T11:20:10.018,570172608,CUTOUT CLUTCH,NA,0,107.80,NA,NA,20+
2016-04-14T11:20:10.018,570172753,ANGULAR STUD EARRINGS WITH CRYSTALS FROM SWAROVSKI,NA,0,27.50,NA,NA,20+
2016-04-14T11:20:10.018,570166828,SANDBLAST TEXTURED HOOPS,NA,0,33.00,NA,NA,20+
2016-04-14T11:20:10.018,570175173,SHELL LOCK PENDANT NECKLACE,NA,0,55.00,NA,NA,20+
2016-04-14T11:20:10.018,570175106,Y-DROP NECKLACE WITH CRYSTALS FROM SWAROVSKI,3,1,49.50,NA,NA,20+
2016-04-14T11:20:10.018,570166933,JET CRYSTAL STRETCH BRACELET SET,3,1,49.50,NA,NA,20+
2016-04-14T11:20:10.018,570173063,LEATHER SNAKE EMBOSSED BELT,NA,0,59.40,NA,XXS,17
2016-04-14T11:20:10.018,570173063,LEATHER SNAKE EMBOSSED BELT,NA,0,59.40,NA,XS,20+
2016-04-14T11:20:10.018,570173063,LEATHER SNAKE EMBOSSED BELT,NA,0,59.40,NA,S,20+
2016-04-14T11:20:10.018,570173063,LEATHER SNAKE EMBOSSED BELT,NA,0,59.40,NA,L,20+
2016-04-14T11:20:10.018,570173063,LEATHER SNAKE EMBOSSED BELT,NA,0,59.40,NA,XL,20+
2016-04-14T11:20:10.018,570173063,LEATHER SNAKE EMBOSSED BELT,NA,0,59.40,NA,XXL,10
2016-04-14T11:20:10.018,570173063,LEATHER SNAKE EMBOSSED BELT,NA,0,59.40,NA,M,20+
2016-04-14T11:20:10.018,570172666,INTERLOCKED CIRCLE DROP EARRINGS,NA,0,33.00,NA,NA,20+
2016-04-14T11:20:10.018,570164431,TURNLOCK CROSSBODY BAG,5,1,85.80,NA,NA,20+
2016-04-14T11:20:10.018,570167217,RETRO BLACK SUNGLASSES,NA,0,41.80,NA,NA,20+
2016-04-14T11:20:10.018,570171274,SUEDE CHUNKY HEELS,NA,0,137.50,NA,5,20+
2016-04-14T11:20:10.018,570171274,SUEDE CHUNKY HEELS,NA,0,137.50,NA,5.5,20+
2016-04-14T11:20:10.018,570171274,SUEDE CHUNKY HEELS,NA,0,137.50,NA,6,20+
2016-04-14T11:20:10.018,570171274,SUEDE CHUNKY HEELS,NA,0,137.50,NA,6.5,20+
2016-04-14T11:20:10.018,570171274,SUEDE CHUNKY HEELS,NA,0,137.50,NA,7,20+
2016-04-14T11:20:10.018,570171274,SUEDE CHUNKY HEELS,NA,0,137.50,NA,7.5,20+
2016-04-14T11:20:10.018,570171274,SUEDE CHUNKY HEELS,NA,0,137.50,NA,8,20+
2016-04-14T11:20:10.018,570171274,SUEDE CHUNKY HEELS,NA,0,137.50,NA,8.5,20+
2016-04-14T11:20:10.018,570171274,SUEDE CHUNKY HEELS,NA,0,137.50,NA,9,20+
2016-04-14T11:20:10.018,570171274,SUEDE CHUNKY HEELS,NA,0,137.50,NA,9.5,20+
2016-04-14T11:20:10.018,570171274,SUEDE CHUNKY HEELS,NA,0,137.50,NA,10,20+
2016-04-14T11:20:10.018,570171274,SUEDE CHUNKY HEELS,NA,0,137.50,NA,11,16
2016-04-14T11:20:10.018,570173774,SILK GEOMETRIC PRINT OBLONG SCARF,NA,0,74.80,NA,NA,20+
2016-04-14T11:20:10.018,570167210,RIMLESS AVIATOR SUNGLASSES,4,1,41.80,NA,NA,20+
2016-04-14T11:20:10.018,570166124,OLIVIA LEATHER PUMPS,4.7,27,143.00,NA,6,7
2016-04-14T11:20:10.018,570166124,OLIVIA LEATHER PUMPS,4.7,27,143.00,NA,6.5,11
2016-04-14T11:20:10.018,570166124,OLIVIA LEATHER PUMPS,4.7,27,143.00,NA,7,20+
2016-04-14T11:20:10.018,570166124,OLIVIA LEATHER PUMPS,4.7,27,143.00,NA,7.5,20+
2016-04-14T11:20:10.018,570166124,OLIVIA LEATHER PUMPS,4.7,27,143.00,NA,8,20+
2016-04-14T11:20:10.018,570166124,OLIVIA LEATHER PUMPS,4.7,27,143.00,NA,8.5,20+
2016-04-14T11:20:10.018,570166124,OLIVIA LEATHER PUMPS,4.7,27,143.00,NA,9,20+
2016-04-14T11:20:10.018,570166124,OLIVIA LEATHER PUMPS,4.7,27,143.00,NA,9.5,20+
2016-04-14T11:20:10.018,570166124,OLIVIA LEATHER PUMPS,4.7,27,143.00,NA,10,12
2016-04-14T11:20:10.018,570166124,OLIVIA LEATHER PUMPS,4.7,27,143.00,NA,11,20+
2016-04-14T11:20:10.018,570134555,GOLD STUD WITH CRYSTALS FROM SWAROVSKI,5,2,27.50,NA,NA,20+
2016-04-14T11:20:10.018,570175134,JET STONE FABRIC TASSEL NECKLACE,NA,0,60.50,NA,NA,20+
2016-04-14T11:20:10.018,570171918,DOUBLE HINGE CUFF WITH CRYSTALS FROM SWAROVSKI,5,1,44.00,NA,NA,20+
2016-04-14T11:20:10.018,570168156,WIDE STRETCH BRACELET,5,4,55.00,NA,NA,20+
2016-04-14T11:20:10.018,570177568,SHELL CHAIN DROP OPEN COLLAR NECKLACE,NA,0,71.50,NA,NA,20+
2016-04-14T11:20:10.018,570172759,HOWLITE BEADED FRIENDSHIP BRACELET,NA,0,38.50,NA,NA,20+
2016-04-14T11:20:10.018,570175114,LAYERED SNAKE CHAIN NECKLACE,NA,0,66.00,NA,NA,20+
2016-04-14T11:20:10.018,570178641,CONVERTIBLE BEADED MULTI-ROW NECKLACE,NA,0,55.00,NA,NA,20+
2016-04-14T11:20:10.018,570172690,SHELL ACCENT STRETCH BRACELETS,5,3,49.50,NA,NA,20+
2016-04-14T11:20:10.018,570172659,CIRCLE LEATHER COLLAR NECKLACE,5,3,66.00,NA,NA,20+
2016-04-14T11:20:10.018,570171518,SUEDE-TRIM SAFFIANO TEXTURED CLUTCH,NA,0,85.80,NA,NA,20+
2016-04-14T11:20:10.018,570166708,KNOTTED SLIDER NECKLACE,5,4,55.00,NA,NA,20+
2016-04-14T11:20:10.018,570171499,STRAPPY WEDGE SANDALS,NA,0,137.50,NA,5,20+
2016-04-14T11:20:10.018,570171499,STRAPPY WEDGE SANDALS,NA,0,137.50,NA,5.5,16
2016-04-14T11:20:10.018,570171499,STRAPPY WEDGE SANDALS,NA,0,137.50,NA,6,20+
2016-04-14T11:20:10.018,570171499,STRAPPY WEDGE SANDALS,NA,0,137.50,NA,6.5,20+
2016-04-14T11:20:10.018,570171499,STRAPPY WEDGE SANDALS,NA,0,137.50,NA,7,20+
2016-04-14T11:20:10.018,570171499,STRAPPY WEDGE SANDALS,NA,0,137.50,NA,7.5,20+
2016-04-14T11:20:10.018,570171499,STRAPPY WEDGE SANDALS,NA,0,137.50,NA,8,20+
2016-04-14T11:20:10.018,570171499,STRAPPY WEDGE SANDALS,NA,0,137.50,NA,8.5,20+
2016-04-14T11:20:10.018,570171499,STRAPPY WEDGE SANDALS,NA,0,137.50,NA,9,20+
2016-04-14T11:20:10.018,570171499,STRAPPY WEDGE SANDALS,NA,0,137.50,NA,9.5,20+
2016-04-14T11:20:10.018,570171499,STRAPPY WEDGE SANDALS,NA,0,137.50,NA,10,20+
2016-04-14T11:20:10.018,570171499,STRAPPY WEDGE SANDALS,NA,0,137.50,NA,11,6
2016-04-14T11:20:10.018,570172455,EMBELLISHED CRISS-CROSS SANDALS,NA,0,107.80,NA,5,9
2016-04-14T11:20:10.018,570172455,EMBELLISHED CRISS-CROSS SANDALS,NA,0,107.80,NA,5.5,9
2016-04-14T11:20:10.018,570172455,EMBELLISHED CRISS-CROSS SANDALS,NA,0,107.80,NA,6,20+
2016-04-14T11:20:10.018,570172455,EMBELLISHED CRISS-CROSS SANDALS,NA,0,107.80,NA,6.5,20+
2016-04-14T11:20:10.018,570172455,EMBELLISHED CRISS-CROSS SANDALS,NA,0,107.80,NA,7,20+
2016-04-14T11:20:10.018,570172455,EMBELLISHED CRISS-CROSS SANDALS,NA,0,107.80,NA,7.5,20+
2016-04-14T11:20:10.018,570172455,EMBELLISHED CRISS-CROSS SANDALS,NA,0,107.80,NA,8,20+
2016-04-14T11:20:10.018,570172455,EMBELLISHED CRISS-CROSS SANDALS,NA,0,107.80,NA,8.5,20+
2016-04-14T11:20:10.018,570172455,EMBELLISHED CRISS-CROSS SANDALS,NA,0,107.80,NA,9,20+
2016-04-14T11:20:10.018,570172455,EMBELLISHED CRISS-CROSS SANDALS,NA,0,107.80,NA,9.5,20+
2016-04-14T11:20:10.018,570172455,EMBELLISHED CRISS-CROSS SANDALS,NA,0,107.80,NA,10,20+
2016-04-14T11:20:10.018,570172455,EMBELLISHED CRISS-CROSS SANDALS,NA,0,107.80,NA,11,9
2016-04-14T11:20:10.018,570167216,AVIATOR SUNGLASSES,4,1,41.80,NA,NA,20+
2016-04-14T11:20:10.018,570178643,CONVERTIBLE JET BEAD MULTI-ROW NECKLACE,NA,0,55.00,NA,NA,20+
2016-04-14T11:20:10.018,570178612,HAMMERED FRIENDSHIP BRACELET,NA,0,49.50,NA,NA,20+
2016-04-14T11:20:10.018,570168482,SUEDE PLATFORM WEDGES,5,2,137.50,NA,5,15
2016-04-14T11:20:10.018,570168482,SUEDE PLATFORM WEDGES,5,2,137.50,NA,5.5,8
2016-04-14T11:20:10.018,570168482,SUEDE PLATFORM WEDGES,5,2,137.50,NA,6,20+
2016-04-14T11:20:10.018,570168482,SUEDE PLATFORM WEDGES,5,2,137.50,NA,6.5,20+
2016-04-14T11:20:10.018,570168482,SUEDE PLATFORM WEDGES,5,2,137.50,NA,7,20+
2016-04-14T11:20:10.018,570168482,SUEDE PLATFORM WEDGES,5,2,137.50,NA,7.5,20+
2016-04-14T11:20:10.018,570168482,SUEDE PLATFORM WEDGES,5,2,137.50,NA,8,20+
2016-04-14T11:20:10.018,570168482,SUEDE PLATFORM WEDGES,5,2,137.50,NA,8.5,20+
2016-04-14T11:20:10.018,570168482,SUEDE PLATFORM WEDGES,5,2,137.50,NA,9,20+
2016-04-14T11:20:10.018,570168482,SUEDE PLATFORM WEDGES,5,2,137.50,NA,9.5,20+
2016-04-14T11:20:10.018,570168482,SUEDE PLATFORM WEDGES,5,2,137.50,NA,10,20+
2016-04-14T11:20:10.018,570168482,SUEDE PLATFORM WEDGES,5,2,137.50,NA,11,4
2016-04-14T11:20:10.018,570172968,JASPER LONG PENDANT NECKLACE,5,2,60.50,NA,NA,20+
2016-04-14T11:20:10.018,570178645,HAMMERED ROSE GOLDTONE FRIENDSHIP BRACELET,NA,0,49.50,NA,NA,20+
2016-04-14T11:20:10.018,570171920,PAVE STICK EARRINGS,NA,0,33.00,NA,NA,20+
2016-04-14T11:20:10.018,570172572,EMBOSSED LEATHER SADDLE CROSSBODY BAG,NA,0,129.80,NA,NA,20+
2016-04-14T11:20:10.018,570171475,REVERSIBLE OBI WRAP BELT,NA,0,59.40,NA,XS/S,20+
2016-04-14T11:20:10.018,570171475,REVERSIBLE OBI WRAP BELT,NA,0,59.40,NA,XL,20+
2016-04-14T11:20:10.018,570171475,REVERSIBLE OBI WRAP BELT,NA,0,59.40,NA,M/L,20+
2016-04-14T11:20:10.018,570172736,CONVERTIBLE INFINITY CHIFFON SCARF,5,3,52.80,NA,NA,20+
2016-04-14T11:20:10.018,570177666,WOODEN BEAD CHANDELIER EARRINGS,NA,0,33.00,NA,NA,20+
2016-04-14T11:20:10.018,570171841,SUEDE DOUBLE TASSEL NECKLACE,5,1,66.00,NA,NA,20+
2016-04-14T11:20:10.018,570177688,RED JASPER SHORT PENDANT NECKLACE,NA,0,38.50,NA,NA,20+
2016-04-14T11:20:10.018,570178191,PAVE DOUBLE TRIANGLE DROP EARRINGS,NA,0,33.00,NA,NA,20+
2016-04-14T11:20:10.018,570172685,DIAMOND-SHAPE SHELL PENDANT NECKLACE,NA,0,38.50,NA,NA,20+
2016-04-14T11:20:10.018,570172742,MIXED METAL CONVERTIBLE NECKLACE,4,2,71.50,NA,NA,20+
2016-04-14T11:20:10.018,570172692,TURNLOCK CLUTCH,NA,0,96.80,NA,NA,20+
2016-04-14T11:20:10.018,570171564,SLIDE WEDGE SANDALS,NA,0,137.50,NA,5,18
2016-04-14T11:20:10.018,570171564,SLIDE WEDGE SANDALS,NA,0,137.50,NA,5.5,12
2016-04-14T11:20:10.018,570171564,SLIDE WEDGE SANDALS,NA,0,137.50,NA,6,20+
2016-04-14T11:20:10.018,570171564,SLIDE WEDGE SANDALS,NA,0,137.50,NA,6.5,20+
2016-04-14T11:20:10.018,570171564,SLIDE WEDGE SANDALS,NA,0,137.50,NA,7,20+
2016-04-14T11:20:10.018,570171564,SLIDE WEDGE SANDALS,NA,0,137.50,NA,7.5,20+
2016-04-14T11:20:10.018,570171564,SLIDE WEDGE SANDALS,NA,0,137.50,NA,8,20+
2016-04-14T11:20:10.018,570171564,SLIDE WEDGE SANDALS,NA,0,137.50,NA,8.5,20+
2016-04-14T11:20:10.018,570171564,SLIDE WEDGE SANDALS,NA,0,137.50,NA,9,20+
2016-04-14T11:20:10.018,570171564,SLIDE WEDGE SANDALS,NA,0,137.50,NA,9.5,16
2016-04-14T11:20:10.018,570171564,SLIDE WEDGE SANDALS,NA,0,137.50,NA,10,20+
2016-04-14T11:20:10.018,570171564,SLIDE WEDGE SANDALS,NA,0,137.50,NA,11,6
2016-04-14T11:20:10.018,570165528,DOUBLE STRAND HORN PENDANT NECKLACE,3.7,3,60.50,NA,NA,20+
2016-04-14T11:20:10.018,570174016,ABSTRACT PRINT SILK SCARF,5,5,70.40,NA,NA,20+
2016-04-14T11:20:10.018,570178910,CONVERTIBLE MIRACLES NECKLACE,NA,0,33.00,NA,NA,20+
2016-04-14T11:20:10.018,570166905,HOWLITE OPEN CUFF,5,1,55.00,NA,NA,20+
2016-04-14T11:20:10.018,570178066,CAGED DROP EARRINGS,NA,0,33.00,NA,NA,20+
2016-04-14T11:20:10.018,570175238,CUTOUT HOOP EARRINGS,NA,0,33.00,NA,NA,20+
2016-04-14T11:20:10.018,570172800,SHELL DROP LONG FRINGE NECKLACE,NA,0,60.50,NA,NA,20+
2016-04-14T11:20:10.018,570167748,ROUND METAL SUNGLASSES,NA,0,41.80,NA,NA,20+
2016-04-14T11:20:10.018,570175108,MIXED GOLDTONE TASSEL EARRINGS,5,1,33.00,NA,NA,20+
2016-04-14T11:20:10.018,570128378,BLACK AND WHITE FRINGE PENDANT NECKLACE,4.9,9,52.80,NA,NA,20+
2016-04-14T11:20:10.018,570177640,SHELL FRINGE DROP EARRINGS,NA,0,33.00,NA,NA,20+
2016-04-14T11:20:10.018,570172109,POLYNESIAN BEACH TOTE,NA,0,140.80,NA,NA,20+
2016-04-14T11:20:10.018,570172761,CRYSTAL FROM SWAROVSKI DOUBLE HINGE CUFF,NA,0,44.00,NA,NA,20+
2016-04-14T11:20:10.018,570175175,SHELL STUD EARRINGS,NA,0,27.50,NA,NA,20+
2016-04-14T11:20:10.018,570175126,SHELL PENDANT LONG NECKLACE,NA,0,60.50,NA,NA,20+
2016-04-14T11:20:10.018,570178017,DOUBLE HOOP DROP LINEAR EARRINGS,2,1,33.00,NA,NA,20+
2016-04-14T11:20:10.018,570175242,THREAD WRAPPED HOOP EARRINGS,NA,0,33.00,NA,NA,20+
2016-04-14T11:20:10.018,570175387,FRINGED OBLONG SCARF,NA,0,52.80,NA,NA,20+
2016-04-14T11:20:10.018,570171969,EMBELLISHED ANKLE-WRAP SANDALS,NA,0,107.80,NA,5,7
2016-04-14T11:20:10.018,570171969,EMBELLISHED ANKLE-WRAP SANDALS,NA,0,107.80,NA,5.5,6
2016-04-14T11:20:10.018,570171969,EMBELLISHED ANKLE-WRAP SANDALS,NA,0,107.80,NA,6,20+
2016-04-14T11:20:10.018,570171969,EMBELLISHED ANKLE-WRAP SANDALS,NA,0,107.80,NA,6.5,20+
2016-04-14T11:20:10.018,570171969,EMBELLISHED ANKLE-WRAP SANDALS,NA,0,107.80,NA,7,20+
2016-04-14T11:20:10.018,570171969,EMBELLISHED ANKLE-WRAP SANDALS,NA,0,107.80,NA,7.5,20+
2016-04-14T11:20:10.018,570171969,EMBELLISHED ANKLE-WRAP SANDALS,NA,0,107.80,NA,8,20+
2016-04-14T11:20:10.018,570171969,EMBELLISHED ANKLE-WRAP SANDALS,NA,0,107.80,NA,8.5,20+
2016-04-14T11:20:10.018,570171969,EMBELLISHED ANKLE-WRAP SANDALS,NA,0,107.80,NA,9,20+
2016-04-14T11:20:10.018,570171969,EMBELLISHED ANKLE-WRAP SANDALS,NA,0,107.80,NA,9.5,20+
2016-04-14T11:20:10.018,570171969,EMBELLISHED ANKLE-WRAP SANDALS,NA,0,107.80,NA,10,20+
2016-04-14T11:20:10.018,570171969,EMBELLISHED ANKLE-WRAP SANDALS,NA,0,107.80,NA,11,8
2016-04-14T11:20:10.018,570167741,HEART SCRIPT OBLONG SCARF,NA,0,52.80,NA,NA,20+
2016-04-14T11:20:10.018,570108088,FACETED JET EARRINGS,5,11,30.80,NA,NA,20+
2016-04-14T11:20:10.018,570126828,CRYSTAL DOUBLE PAVE HOOPS,4,11,33.00,NA,NA,20+
2016-04-14T11:20:10.018,570165833,HOOK-FRONT SKINNY BELT,4.3,12,48.40,NA,XL,20+
2016-04-14T11:20:10.018,570165833,HOOK-FRONT SKINNY BELT,4.3,12,48.40,NA,XXL,14
2016-04-14T11:20:10.018,570165833,HOOK-FRONT SKINNY BELT,4.3,12,48.40,NA,XXS,17
2016-04-14T11:20:10.018,570165833,HOOK-FRONT SKINNY BELT,4.3,12,48.40,NA,XS,20+
2016-04-14T11:20:10.018,570165833,HOOK-FRONT SKINNY BELT,4.3,12,48.40,NA,S,20+
2016-04-14T11:20:10.018,570165833,HOOK-FRONT SKINNY BELT,4.3,12,48.40,NA,M,20+
2016-04-14T11:20:10.018,570173038,LEATHER WIDE BUCKLED BELT,NA,0,74.80,NA,XXS,20+
2016-04-14T11:20:10.018,570173038,LEATHER WIDE BUCKLED BELT,NA,0,74.80,NA,XS,20+
2016-04-14T11:20:10.018,570173038,LEATHER WIDE BUCKLED BELT,NA,0,74.80,NA,S,20+
2016-04-14T11:20:10.018,570173038,LEATHER WIDE BUCKLED BELT,NA,0,74.80,NA,M,20+
2016-04-14T11:20:10.018,570173038,LEATHER WIDE BUCKLED BELT,NA,0,74.80,NA,L,20+
2016-04-14T11:20:10.018,570173038,LEATHER WIDE BUCKLED BELT,NA,0,74.80,NA,XL,20+
2016-04-14T11:20:10.018,570173038,LEATHER WIDE BUCKLED BELT,NA,0,74.80,NA,XXL,11
2016-04-14T11:20:10.018,570170700,SAFFIANO TEXTURED FOLDOVER CLUTCH,5,2,85.80,NA,NA,20+
2016-04-14T11:20:10.018,570175233,THREAD-WRAPPED CHARM NECKLACE,NA,0,60.50,NA,NA,20+
2016-04-14T11:20:10.018,570166901,HOWLITE TASSEL NECKLACE,5,3,60.50,NA,NA,20+
2016-04-14T11:20:10.018,570170023,RAFFIA WEDGE SANDALS,4.3,4,137.50,NA,5,16
2016-04-14T11:20:10.018,570170023,RAFFIA WEDGE SANDALS,4.3,4,137.50,NA,5.5,6
2016-04-14T11:20:10.018,570170023,RAFFIA WEDGE SANDALS,4.3,4,137.50,NA,6,20+
2016-04-14T11:20:10.018,570170023,RAFFIA WEDGE SANDALS,4.3,4,137.50,NA,6.5,20+
2016-04-14T11:20:10.018,570170023,RAFFIA WEDGE SANDALS,4.3,4,137.50,NA,7,20+
2016-04-14T11:20:10.018,570170023,RAFFIA WEDGE SANDALS,4.3,4,137.50,NA,7.5,20+
2016-04-14T11:20:10.018,570170023,RAFFIA WEDGE SANDALS,4.3,4,137.50,NA,8,20+
2016-04-14T11:20:10.018,570170023,RAFFIA WEDGE SANDALS,4.3,4,137.50,NA,8.5,20+
2016-04-14T11:20:10.018,570170023,RAFFIA WEDGE SANDALS,4.3,4,137.50,NA,9,20+
2016-04-14T11:20:10.018,570170023,RAFFIA WEDGE SANDALS,4.3,4,137.50,NA,9.5,20+
2016-04-14T11:20:10.018,570170023,RAFFIA WEDGE SANDALS,4.3,4,137.50,NA,10,20+
2016-04-14T11:20:10.018,570170023,RAFFIA WEDGE SANDALS,4.3,4,137.50,NA,11,6
2016-04-14T11:20:10.018,570177371,CUTOUT SECTION COLLAR NECKLACE,NA,0,49.50,NA,NA,20+
2016-04-14T11:20:10.018,570172755,CRYSTALS FROM SWAROVSKI STUD EARRINGS,5,1,27.50,NA,NA,20+
2016-04-14T11:20:10.018,570166878,BAR DROP CHANDELIER EARRINGS,NA,0,38.50,NA,NA,20+
2016-04-14T11:20:10.018,570172815,SHELL STONE OPEN HOOP EARRINGS,NA,0,33.00,NA,NA,20+
2016-04-14T11:20:10.018,570171295,BRAIDED WEDGE SANDALS,NA,0,137.50,NA,5,17
2016-04-14T11:20:10.018,570171295,BRAIDED WEDGE SANDALS,NA,0,137.50,NA,5.5,10
2016-04-14T11:20:10.018,570171295,BRAIDED WEDGE SANDALS,NA,0,137.50,NA,6,20+
2016-04-14T11:20:10.018,570171295,BRAIDED WEDGE SANDALS,NA,0,137.50,NA,6.5,20+
2016-04-14T11:20:10.018,570171295,BRAIDED WEDGE SANDALS,NA,0,137.50,NA,7,20+
2016-04-14T11:20:10.018,570171295,BRAIDED WEDGE SANDALS,NA,0,137.50,NA,7.5,20+
2016-04-14T11:20:10.018,570171295,BRAIDED WEDGE SANDALS,NA,0,137.50,NA,8,20+
2016-04-14T11:20:10.018,570171295,BRAIDED WEDGE SANDALS,NA,0,137.50,NA,8.5,20+
2016-04-14T11:20:10.018,570171295,BRAIDED WEDGE SANDALS,NA,0,137.50,NA,9,20+
2016-04-14T11:20:10.018,570171295,BRAIDED WEDGE SANDALS,NA,0,137.50,NA,9.5,20+
2016-04-14T11:20:10.018,570171295,BRAIDED WEDGE SANDALS,NA,0,137.50,NA,10,20+
2016-04-14T11:20:10.018,570171295,BRAIDED WEDGE SANDALS,NA,0,137.50,NA,11,5
2016-04-14T11:20:10.018,570178614,WOOD BEAD HAMMERED FRIENDSHIP BRACELET,NA,0,49.50,NA,NA,20+
2016-04-14T11:20:10.018,570173022,OBI WRAP BELT,4,3,70.40,NA,XS/S,20+
2016-04-14T11:20:10.018,570173022,OBI WRAP BELT,4,3,70.40,NA,XL,20+
2016-04-14T11:20:10.018,570173022,OBI WRAP BELT,4,3,70.40,NA,M/L,20+
2016-04-14T11:20:10.018,570175252,CURVED STICK DROP EARRINGS,NA,0,33.00,NA,NA,20+
2016-04-14T11:20:10.018,570171258,ANKLE-STRAP PLATFORM HEELS,NA,0,143.00,NA,5,9
2016-04-14T11:20:10.018,570171258,ANKLE-STRAP PLATFORM HEELS,NA,0,143.00,NA,5.5,15
2016-04-14T11:20:10.018,570171258,ANKLE-STRAP PLATFORM HEELS,NA,0,143.00,NA,6,20+
2016-04-14T11:20:10.018,570171258,ANKLE-STRAP PLATFORM HEELS,NA,0,143.00,NA,6.5,20+
2016-04-14T11:20:10.018,570171258,ANKLE-STRAP PLATFORM HEELS,NA,0,143.00,NA,7,20+
2016-04-14T11:20:10.018,570171258,ANKLE-STRAP PLATFORM HEELS,NA,0,143.00,NA,7.5,20+
2016-04-14T11:20:10.018,570171258,ANKLE-STRAP PLATFORM HEELS,NA,0,143.00,NA,8,20+
2016-04-14T11:20:10.018,570171258,ANKLE-STRAP PLATFORM HEELS,NA,0,143.00,NA,8.5,20+
2016-04-14T11:20:10.018,570171258,ANKLE-STRAP PLATFORM HEELS,NA,0,143.00,NA,9,20+
2016-04-14T11:20:10.018,570171258,ANKLE-STRAP PLATFORM HEELS,NA,0,143.00,NA,9.5,20+
2016-04-14T11:20:10.018,570171258,ANKLE-STRAP PLATFORM HEELS,NA,0,143.00,NA,10,15
2016-04-14T11:20:10.018,570171258,ANKLE-STRAP PLATFORM HEELS,NA,0,143.00,NA,11,6
2016-04-14T11:20:10.018,570140331,2750 SUPERGA CANVAS SNEAKERS,4.3,11,71.50,NA,6,1
2016-04-14T11:20:10.018,570140331,2750 SUPERGA CANVAS SNEAKERS,4.3,11,71.50,NA,6.5,1
2016-04-14T11:20:10.018,570140331,2750 SUPERGA CANVAS SNEAKERS,4.3,11,71.50,NA,8,1
2016-04-14T11:20:10.018,570140331,2750 SUPERGA CANVAS SNEAKERS,4.3,11,71.50,NA,8.5,14
2016-04-14T11:20:10.018,570140331,2750 SUPERGA CANVAS SNEAKERS,4.3,11,71.50,NA,9,20+
2016-04-14T11:20:10.018,570140331,2750 SUPERGA CANVAS SNEAKERS,4.3,11,71.50,NA,9.5,20+
2016-04-14T11:20:10.018,570140331,2750 SUPERGA CANVAS SNEAKERS,4.3,11,71.50,NA,10,20+
2016-04-14T11:20:10.018,570140331,2750 SUPERGA CANVAS SNEAKERS,4.3,11,71.50,NA,11,2
2016-04-14T11:20:10.018,570178193,WOODEN BEAD TASSEL NECKLACE,NA,0,60.50,NA,NA,20+
2016-04-14T11:20:10.018,570175146,SHELL HINGE BRACELET,NA,0,49.50,NA,NA,20+
2016-04-14T11:20:10.018,570167214,BROW BAR SUNGLASSES,5,1,NA,NA,NA,0
2016-04-14T11:20:10.018,570173675,SKINNY STRETCH BELT,NA,0,48.40,NA,XXS,20+
2016-04-14T11:20:10.018,570173675,SKINNY STRETCH BELT,NA,0,48.40,NA,S,20+
2016-04-14T11:20:10.018,570173675,SKINNY STRETCH BELT,NA,0,48.40,NA,M,20+
2016-04-14T11:20:10.018,570173675,SKINNY STRETCH BELT,NA,0,48.40,NA,L,20+
2016-04-14T11:20:10.018,570173675,SKINNY STRETCH BELT,NA,0,48.40,NA,XL,20+
2016-04-14T11:20:10.018,570173675,SKINNY STRETCH BELT,NA,0,48.40,NA,XXL,14
2016-04-14T11:20:10.018,570173675,SKINNY STRETCH BELT,NA,0,48.40,NA,XS,20+
2016-04-14T11:20:10.018,570165034,PAVE SQUARE STUD EARRINGS,5,1,27.50,NA,NA,20+
2016-04-14T11:20:10.018,570166523,CUTOUT MULES,3.9,7,143.00,NA,5,11
2016-04-14T11:20:10.018,570166523,CUTOUT MULES,3.9,7,143.00,NA,5.5,10
2016-04-14T11:20:10.018,570166523,CUTOUT MULES,3.9,7,143.00,NA,6,20+
2016-04-14T11:20:10.018,570166523,CUTOUT MULES,3.9,7,143.00,NA,6.5,20+
2016-04-14T11:20:10.018,570166523,CUTOUT MULES,3.9,7,143.00,NA,7,20+
2016-04-14T11:20:10.018,570166523,CUTOUT MULES,3.9,7,143.00,NA,7.5,20+
2016-04-14T11:20:10.018,570166523,CUTOUT MULES,3.9,7,143.00,NA,8,20+
2016-04-14T11:20:10.018,570166523,CUTOUT MULES,3.9,7,143.00,NA,8.5,20+
2016-04-14T11:20:10.018,570166523,CUTOUT MULES,3.9,7,143.00,NA,9,20+
2016-04-14T11:20:10.018,570166523,CUTOUT MULES,3.9,7,143.00,NA,9.5,20+
2016-04-14T11:20:10.018,570166523,CUTOUT MULES,3.9,7,143.00,NA,10,20+
2016-04-14T11:20:10.018,570166523,CUTOUT MULES,3.9,7,143.00,NA,11,14
2016-04-14T11:20:10.018,570175152,JET STONE Y-DROP NECKLACE,NA,0,55.00,NA,NA,20+
2016-04-14T11:20:10.018,570175291,ANGULAR SHORT NECKLACE WITH CRYSTALS FROM SWAROVSKI,NA,0,33.00,NA,NA,20+
2016-04-14T11:20:10.018,570173790,BROW BAR SUNGLASSES,NA,0,41.80,NA,NA,20+
2016-04-14T11:20:10.018,570165434,SODALITE BEADED STRETCH BRACELETS,5,1,49.50,NA,NA,20+
2016-04-14T11:20:10.018,570175138,DOUBLE HOOP INTERLOCKING DROP EARRINGS,NA,0,33.00,NA,NA,20+
2016-04-14T11:20:10.018,570173823,OBI CUTOUT BELT,NA,0,63.80,NA,XS/S,20+
2016-04-14T11:20:10.018,570173823,OBI CUTOUT BELT,NA,0,63.80,NA,XL,20+
2016-04-14T11:20:10.018,570173823,OBI CUTOUT BELT,NA,0,63.80,NA,M/L,20+
2016-04-14T11:20:10.018,570175148,RED JASPER CUTOUT RING,NA,0,38.50,NA,Ring Size 6,5
2016-04-14T11:20:10.018,570175148,RED JASPER CUTOUT RING,NA,0,38.50,NA,Ring Size 7,20+
2016-04-14T11:20:10.018,570175148,RED JASPER CUTOUT RING,NA,0,38.50,NA,Ring Size 8,20+
2016-04-14T11:20:10.018,570175292,TRIPLE PENDANT TASSEL NECKLACE WITH CRYSTALS FROM SWAROVSKI,NA,0,60.50,NA,NA,20+
2016-04-14T11:20:10.018,570168152,HOWLITE DROP EARRINGS,5,3,27.50,NA,NA,20+
2016-04-14T11:20:10.018,570175302,RED JASPER CUTOUT CUFF,NA,0,66.00,NA,NA,20+
2016-04-14T11:20:10.018,570172806,DOUBLE HOOP GEOMETRIC EARRINGS,NA,0,33.00,NA,NA,20+
2016-04-14T11:20:10.018,570177358,JET SQUARE DOUBLE-DROP NECKLACE,NA,0,55.00,NA,NA,20+
2016-04-14T11:20:10.018,570173061,REVERSIBLE SKINNY STONE BELT,NA,0,48.40,NA,M,20+
2016-04-14T11:20:10.018,570173061,REVERSIBLE SKINNY STONE BELT,NA,0,48.40,NA,L,20+
2016-04-14T11:20:10.018,570173061,REVERSIBLE SKINNY STONE BELT,NA,0,48.40,NA,XL,20+
2016-04-14T11:20:10.018,570173061,REVERSIBLE SKINNY STONE BELT,NA,0,48.40,NA,XXL,12
2016-04-14T11:20:10.018,570173061,REVERSIBLE SKINNY STONE BELT,NA,0,48.40,NA,XXS,19
2016-04-14T11:20:10.018,570173061,REVERSIBLE SKINNY STONE BELT,NA,0,48.40,NA,XS,20+
2016-04-14T11:20:10.018,570173061,REVERSIBLE SKINNY STONE BELT,NA,0,48.40,NA,S,20+
2016-04-14T11:20:10.018,570167212,RETRO TORTOISE SUNGLASSES,4.7,3,41.80,NA,NA,20+
